IE_XML_ID;IE_NAME;IE_PREVIEW_TEXT;IE_DETAIL_TEXT;IP_PROP9;IP_PROP10;IP_PROP11;IP_PROP12;IP_PROP13;IP_PROP14;IP_PROP15;IP_PROP46;IP_PROP16;IP_PROP17;IP_PROP18;IP_PROP19;IP_PROP20;IP_PROP21;IP_PROP22;IP_PROP23;IP_PROP24;IP_PROP25;IP_PROP26;IP_PROP27;IP_PROP28;IP_PROP29;IC_GROUP0;IC_GROUP1;IC_GROUP2;CP_QUANTITY;CP_WEIGHT;CP_WIDTH;CP_HEIGHT;CP_LENGTH;CV_QUANTITY_FROM;CV_QUANTITY_TO;CV_PRICE_1;CV_CURRENCY_1
79;Комплект со стрингами S7 PINK;;;;Комплект со стрингами S7 PINK;;;Y;;;;S7 PINK;;;/upload/iblock/498/498270ef4f389ebb4ae1ed31483e267a.jpg;;;;18;;;;;1400.00;1400.00;Комплекты;Со стрингами;;0;0;0;0;0;;;1400.00;RUB
80;Комплект X1 BLACK;;блаблабла;;Комплект X1 BLACK;;;;;;;X1 BLACK;Шелк;Черный;/upload/iblock/3e2/3e24a92d863f53362e17a42fdbb15296.jpg;;;;24;;;;;1600.00;1600.00;Комплекты;Model X;;0;0;0;0;0;;;1600.00;RUB
80;Комплект X1 BLACK;;блаблабла;;Комплект X1 BLACK;;;;;;;X1 BLACK;Шелк;Черный;/upload/iblock/461/461c131a4b66e999f9b8f3297d25c3c0.jpg;;;;24;;;;;1600.00;1600.00;Комплекты;Model X;;0;0;0;0;0;;;1600.00;RUB
80;Комплект X1 BLACK;;блаблабла;;Комплект X1 BLACK;;;;;;;X1 BLACK;Шелк;Черный;/upload/iblock/29f/29f8a12841e5bad939f7fca929b81da2.jpg;;;;24;;;;;1600.00;1600.00;Комплекты;Model X;;0;0;0;0;0;;;1600.00;RUB
80;Комплект X1 BLACK;;блаблабла;;Комплект X1 BLACK;;;;;;;X1 BLACK;Шелк;Черный;/upload/iblock/af1/af1bf41065c3332d189844e11975303e.jpg;;;;24;;;;;1600.00;1600.00;Комплекты;Model X;;0;0;0;0;0;;;1600.00;RUB
80;Комплект X1 BLACK;;блаблабла;;Комплект X1 BLACK;;;;;;;X1 BLACK;Шелк;Черный;/upload/iblock/3db/3dbc207c12c7eb605db43858190628fc.jpg;;;;24;;;;;1600.00;1600.00;Комплекты;Model X;;0;0;0;0;0;;;1600.00;RUB
80;Комплект X1 BLACK;;блаблабла;;Комплект X1 BLACK;;;;;;;X1 BLACK;Шелк;Черный;/upload/iblock/3e2/3e24a92d863f53362e17a42fdbb15296.jpg;;;;24;;;;;1600.00;1600.00;Комплекты;С чашкой;;0;0;0;0;0;;;1600.00;RUB
80;Комплект X1 BLACK;;блаблабла;;Комплект X1 BLACK;;;;;;;X1 BLACK;Шелк;Черный;/upload/iblock/461/461c131a4b66e999f9b8f3297d25c3c0.jpg;;;;24;;;;;1600.00;1600.00;Комплекты;С чашкой;;0;0;0;0;0;;;1600.00;RUB
80;Комплект X1 BLACK;;блаблабла;;Комплект X1 BLACK;;;;;;;X1 BLACK;Шелк;Черный;/upload/iblock/29f/29f8a12841e5bad939f7fca929b81da2.jpg;;;;24;;;;;1600.00;1600.00;Комплекты;С чашкой;;0;0;0;0;0;;;1600.00;RUB
80;Комплект X1 BLACK;;блаблабла;;Комплект X1 BLACK;;;;;;;X1 BLACK;Шелк;Черный;/upload/iblock/af1/af1bf41065c3332d189844e11975303e.jpg;;;;24;;;;;1600.00;1600.00;Комплекты;С чашкой;;0;0;0;0;0;;;1600.00;RUB
80;Комплект X1 BLACK;;блаблабла;;Комплект X1 BLACK;;;;;;;X1 BLACK;Шелк;Черный;/upload/iblock/3db/3dbc207c12c7eb605db43858190628fc.jpg;;;;24;;;;;1600.00;1600.00;Комплекты;С чашкой;;0;0;0;0;0;;;1600.00;RUB
81;Комплект X3 RED;;;;Комплект X3 RED;;;;;;;X3 RED;;Красный;/upload/iblock/437/4374aadc08e682b332b6759bfa81b240.jpg;;;;26;;;;;1700.00;1700.00;Комплекты;Model X;;0;0;0;0;0;;;1700.00;RUB
81;Комплект X3 RED;;;;Комплект X3 RED;;;;;;;X3 RED;;Красный;/upload/iblock/c95/c9558dfd225cbc05c6256aa45453b80a.jpg;;;;26;;;;;1700.00;1700.00;Комплекты;Model X;;0;0;0;0;0;;;1700.00;RUB
81;Комплект X3 RED;;;;Комплект X3 RED;;;;;;;X3 RED;;Красный;/upload/iblock/617/617606c3efefb8c052943255baf03e59.jpg;;;;26;;;;;1700.00;1700.00;Комплекты;Model X;;0;0;0;0;0;;;1700.00;RUB
81;Комплект X3 RED;;;;Комплект X3 RED;;;;;;;X3 RED;;Красный;/upload/iblock/ded/dedcf0f743971c15da9fde8750746a9f.jpg;;;;26;;;;;1700.00;1700.00;Комплекты;Model X;;0;0;0;0;0;;;1700.00;RUB
81;Комплект X3 RED;;;;Комплект X3 RED;;;;;;;X3 RED;;Красный;/upload/iblock/99d/99d06c953e8ca9619550bf25f605a73f.jpg;;;;26;;;;;1700.00;1700.00;Комплекты;Model X;;0;0;0;0;0;;;1700.00;RUB
81;Комплект X3 RED;;;;Комплект X3 RED;;;;;;;X3 RED;;Красный;/upload/iblock/437/4374aadc08e682b332b6759bfa81b240.jpg;;;;26;;;;;1700.00;1700.00;Комплекты;С чашкой;;0;0;0;0;0;;;1700.00;RUB
81;Комплект X3 RED;;;;Комплект X3 RED;;;;;;;X3 RED;;Красный;/upload/iblock/c95/c9558dfd225cbc05c6256aa45453b80a.jpg;;;;26;;;;;1700.00;1700.00;Комплекты;С чашкой;;0;0;0;0;0;;;1700.00;RUB
81;Комплект X3 RED;;;;Комплект X3 RED;;;;;;;X3 RED;;Красный;/upload/iblock/617/617606c3efefb8c052943255baf03e59.jpg;;;;26;;;;;1700.00;1700.00;Комплекты;С чашкой;;0;0;0;0;0;;;1700.00;RUB
81;Комплект X3 RED;;;;Комплект X3 RED;;;;;;;X3 RED;;Красный;/upload/iblock/ded/dedcf0f743971c15da9fde8750746a9f.jpg;;;;26;;;;;1700.00;1700.00;Комплекты;С чашкой;;0;0;0;0;0;;;1700.00;RUB
81;Комплект X3 RED;;;;Комплект X3 RED;;;;;;;X3 RED;;Красный;/upload/iblock/99d/99d06c953e8ca9619550bf25f605a73f.jpg;;;;26;;;;;1700.00;1700.00;Комплекты;С чашкой;;0;0;0;0;0;;;1700.00;RUB
81;Комплект X3 RED;;;;Комплект X3 RED;;;;;;;X3 RED;;Красный;/upload/iblock/437/4374aadc08e682b332b6759bfa81b240.jpg;;;;26;;;;;1700.00;1700.00;Комплекты;Со стрингами;;0;0;0;0;0;;;1700.00;RUB
81;Комплект X3 RED;;;;Комплект X3 RED;;;;;;;X3 RED;;Красный;/upload/iblock/c95/c9558dfd225cbc05c6256aa45453b80a.jpg;;;;26;;;;;1700.00;1700.00;Комплекты;Со стрингами;;0;0;0;0;0;;;1700.00;RUB
81;Комплект X3 RED;;;;Комплект X3 RED;;;;;;;X3 RED;;Красный;/upload/iblock/617/617606c3efefb8c052943255baf03e59.jpg;;;;26;;;;;1700.00;1700.00;Комплекты;Со стрингами;;0;0;0;0;0;;;1700.00;RUB
81;Комплект X3 RED;;;;Комплект X3 RED;;;;;;;X3 RED;;Красный;/upload/iblock/ded/dedcf0f743971c15da9fde8750746a9f.jpg;;;;26;;;;;1700.00;1700.00;Комплекты;Со стрингами;;0;0;0;0;0;;;1700.00;RUB
81;Комплект X3 RED;;;;Комплект X3 RED;;;;;;;X3 RED;;Красный;/upload/iblock/99d/99d06c953e8ca9619550bf25f605a73f.jpg;;;;26;;;;;1700.00;1700.00;Комплекты;Со стрингами;;0;0;0;0;0;;;1700.00;RUB
82;Комплект со стрингами X3 YELLOW;;;;Комплект со стрингами X3 YELLOW;;;;;;;X3 YELLOW;;Желтый;/upload/iblock/f50/f50b536f6d9c6357d14787eeeebbeb5d.jpg;;;;25;;;;;1700.00;1700.00;Комплекты;Model X;;0;0;0;0;0;;;1700.00;RUB
82;Комплект со стрингами X3 YELLOW;;;;Комплект со стрингами X3 YELLOW;;;;;;;X3 YELLOW;;Желтый;/upload/iblock/425/425586b63cc0f7721296b61690ba9e84.jpg;;;;25;;;;;1700.00;1700.00;Комплекты;Model X;;0;0;0;0;0;;;1700.00;RUB
82;Комплект со стрингами X3 YELLOW;;;;Комплект со стрингами X3 YELLOW;;;;;;;X3 YELLOW;;Желтый;/upload/iblock/b82/b82479023037955f9c72f26980eb1cdd.jpg;;;;25;;;;;1700.00;1700.00;Комплекты;Model X;;0;0;0;0;0;;;1700.00;RUB
82;Комплект со стрингами X3 YELLOW;;;;Комплект со стрингами X3 YELLOW;;;;;;;X3 YELLOW;;Желтый;/upload/iblock/421/42172c27ac9d8fb26322314a999f2de4.jpg;;;;25;;;;;1700.00;1700.00;Комплекты;Model X;;0;0;0;0;0;;;1700.00;RUB
82;Комплект со стрингами X3 YELLOW;;;;Комплект со стрингами X3 YELLOW;;;;;;;X3 YELLOW;;Желтый;/upload/iblock/f50/f50b536f6d9c6357d14787eeeebbeb5d.jpg;;;;25;;;;;1700.00;1700.00;Комплекты;С чашкой;;0;0;0;0;0;;;1700.00;RUB
82;Комплект со стрингами X3 YELLOW;;;;Комплект со стрингами X3 YELLOW;;;;;;;X3 YELLOW;;Желтый;/upload/iblock/425/425586b63cc0f7721296b61690ba9e84.jpg;;;;25;;;;;1700.00;1700.00;Комплекты;С чашкой;;0;0;0;0;0;;;1700.00;RUB
82;Комплект со стрингами X3 YELLOW;;;;Комплект со стрингами X3 YELLOW;;;;;;;X3 YELLOW;;Желтый;/upload/iblock/b82/b82479023037955f9c72f26980eb1cdd.jpg;;;;25;;;;;1700.00;1700.00;Комплекты;С чашкой;;0;0;0;0;0;;;1700.00;RUB
82;Комплект со стрингами X3 YELLOW;;;;Комплект со стрингами X3 YELLOW;;;;;;;X3 YELLOW;;Желтый;/upload/iblock/421/42172c27ac9d8fb26322314a999f2de4.jpg;;;;25;;;;;1700.00;1700.00;Комплекты;С чашкой;;0;0;0;0;0;;;1700.00;RUB
82;Комплект со стрингами X3 YELLOW;;;;Комплект со стрингами X3 YELLOW;;;;;;;X3 YELLOW;;Желтый;/upload/iblock/f50/f50b536f6d9c6357d14787eeeebbeb5d.jpg;;;;25;;;;;1700.00;1700.00;Комплекты;Со стрингами;;0;0;0;0;0;;;1700.00;RUB
82;Комплект со стрингами X3 YELLOW;;;;Комплект со стрингами X3 YELLOW;;;;;;;X3 YELLOW;;Желтый;/upload/iblock/425/425586b63cc0f7721296b61690ba9e84.jpg;;;;25;;;;;1700.00;1700.00;Комплекты;Со стрингами;;0;0;0;0;0;;;1700.00;RUB
82;Комплект со стрингами X3 YELLOW;;;;Комплект со стрингами X3 YELLOW;;;;;;;X3 YELLOW;;Желтый;/upload/iblock/b82/b82479023037955f9c72f26980eb1cdd.jpg;;;;25;;;;;1700.00;1700.00;Комплекты;Со стрингами;;0;0;0;0;0;;;1700.00;RUB
82;Комплект со стрингами X3 YELLOW;;;;Комплект со стрингами X3 YELLOW;;;;;;;X3 YELLOW;;Желтый;/upload/iblock/421/42172c27ac9d8fb26322314a999f2de4.jpg;;;;25;;;;;1700.00;1700.00;Комплекты;Со стрингами;;0;0;0;0;0;;;1700.00;RUB
118;Комплект X4 BLACK;;;;;;;;;;;;;Черный;/upload/iblock/5e1/5e1c42cfbaf825634522d8a42424d63d.jpg;;;;;;;;;1500.00;1500.00;Комплекты;Model X;;0;0;0;0;0;;;1500.00;RUB
118;Комплект X4 BLACK;;;;;;;;;;;;;Черный;/upload/iblock/5ad/5ad1355c3c8d1e564de8afb91d8310f6.jpg;;;;;;;;;1500.00;1500.00;Комплекты;Model X;;0;0;0;0;0;;;1500.00;RUB
118;Комплект X4 BLACK;;;;;;;;;;;;;Черный;/upload/iblock/1a8/1a84daed25969a1d08be24d3996cf2fa.jpg;;;;;;;;;1500.00;1500.00;Комплекты;Model X;;0;0;0;0;0;;;1500.00;RUB
119;Комплект X4 PINK;;;;;;;;;;;;;;/upload/iblock/be9/be93f7ffa16d892fec8f211edf1a365d.jpg;;;;30;;;;;1500.00;1500.00;Комплекты;Model X;;0;0;0;0;0;;;1500.00;RUB
119;Комплект X4 PINK;;;;;;;;;;;;;;/upload/iblock/0ee/0ee9a11ceeb1c084e63e733d0b48c960.jpg;;;;30;;;;;1500.00;1500.00;Комплекты;Model X;;0;0;0;0;0;;;1500.00;RUB
119;Комплект X4 PINK;;;;;;;;;;;;;;/upload/iblock/a6b/a6b018f0a9c6f15fa6f696e1f4da2007.jpg;;;;30;;;;;1500.00;1500.00;Комплекты;Model X;;0;0;0;0;0;;;1500.00;RUB
120;Комплект X5 SKIN;;;;;;;;;;;;;;/upload/iblock/6f1/6f19eb324db98056c135d4aa50d6f205.jpg;;;;;;;;;1500.00;1500.00;Комплекты;Model X;;0;0;0;0;0;;;1500.00;RUB
120;Комплект X5 SKIN;;;;;;;;;;;;;;/upload/iblock/92d/92d0ee1dadc622c4f8ee6ba854de17f3.jpg;;;;;;;;;1500.00;1500.00;Комплекты;Model X;;0;0;0;0;0;;;1500.00;RUB
120;Комплект X5 SKIN;;;;;;;;;;;;;;/upload/iblock/f3c/f3c7d9c2fc5aff28f22a3ee76321a531.jpg;;;;;;;;;1500.00;1500.00;Комплекты;Model X;;0;0;0;0;0;;;1500.00;RUB
121;Комплект X6 GREEN;;;;;;;;;;;;;;/upload/iblock/fbd/fbdb14dd4c6cc3beaeeda3c5ab70d171.jpg;;;;;;;;;1600.00;1600.00;Комплекты;Model X;;0;0;0;0;0;;;1600.00;RUB
121;Комплект X6 GREEN;;;;;;;;;;;;;;/upload/iblock/b94/b94753c3b38667475de6ae687d7d4a51.jpg;;;;;;;;;1600.00;1600.00;Комплекты;Model X;;0;0;0;0;0;;;1600.00;RUB
121;Комплект X6 GREEN;;;;;;;;;;;;;;/upload/iblock/eb4/eb492ea3580cbfa9e598746f796e6016.jpg;;;;;;;;;1600.00;1600.00;Комплекты;Model X;;0;0;0;0;0;;;1600.00;RUB
121;Комплект X6 GREEN;;;;;;;;;;;;;;/upload/iblock/1a3/1a30b4dcf207891f591967a6341dbafc.jpg;;;;;;;;;1600.00;1600.00;Комплекты;Model X;;0;0;0;0;0;;;1600.00;RUB
121;Комплект X6 GREEN;;;;;;;;;;;;;;/upload/iblock/fe8/fe8cedebb4af551cddf4f957c463e31a.jpg;;;;;;;;;1600.00;1600.00;Комплекты;Model X;;0;0;0;0;0;;;1600.00;RUB
121;Комплект X6 GREEN;;;;;;;;;;;;;;/upload/iblock/65f/65f67a11bca2471a9f501c3ea5aba01f.jpg;;;;;;;;;1600.00;1600.00;Комплекты;Model X;;0;0;0;0;0;;;1600.00;RUB
121;Комплект X6 GREEN;;;;;;;;;;;;;;/upload/iblock/d1f/d1f8e44729b7aefeeb47fbf97304ed8f.jpg;;;;;;;;;1600.00;1600.00;Комплекты;Model X;;0;0;0;0;0;;;1600.00;RUB
122;Комплект X7 PURPLE;;;;;;;;;;;;;;/upload/iblock/661/6614dc4ceb3437c52040a635580a5f70.jpg;;;;;;;;;1500.00;1500.00;Комплекты;Model X;;0;0;0;0;0;;;1500.00;RUB
122;Комплект X7 PURPLE;;;;;;;;;;;;;;/upload/iblock/4a7/4a7abae91fe1c1256ad58adc5206b02b.jpg;;;;;;;;;1500.00;1500.00;Комплекты;Model X;;0;0;0;0;0;;;1500.00;RUB
122;Комплект X7 PURPLE;;;;;;;;;;;;;;/upload/iblock/e44/e44bf7dec01075534bcd6e261ed2783f.jpg;;;;;;;;;1500.00;1500.00;Комплекты;Model X;;0;0;0;0;0;;;1500.00;RUB
123;Комплект X8 RED;;;;;;;;;;;;;;/upload/iblock/0b8/0b82da303cb87dcfab9462e6dd5c7fdf.jpg;;;;;;;;;1500.00;1500.00;Комплекты;Model X;;0;0;0;0;0;;;1500.00;RUB
123;Комплект X8 RED;;;;;;;;;;;;;;/upload/iblock/158/158fdb780a74236bb6575abf5cdb4ad2.jpg;;;;;;;;;1500.00;1500.00;Комплекты;Model X;;0;0;0;0;0;;;1500.00;RUB
123;Комплект X8 RED;;;;;;;;;;;;;;/upload/iblock/518/5180d2b718a2beeb4c0aa6b2c544714e.jpg;;;;;;;;;1500.00;1500.00;Комплекты;Model X;;0;0;0;0;0;;;1500.00;RUB
124;Комплект X9 RED;;;;;;;;;;;;;;/upload/iblock/ded/ded5e1fd86bbd7f12bc25af28d7e34c9.jpg;;;;;;;;;1600.00;1600.00;Комплекты;Model X;;0;0;0;0;0;;;1600.00;RUB
124;Комплект X9 RED;;;;;;;;;;;;;;/upload/iblock/4ee/4eec23b2df60cd76f2b4eaff8ad4754b.jpg;;;;;;;;;1600.00;1600.00;Комплекты;Model X;;0;0;0;0;0;;;1600.00;RUB
124;Комплект X9 RED;;;;;;;;;;;;;;/upload/iblock/262/2621c1beb06e69d83aba5b844d773669.jpg;;;;;;;;;1600.00;1600.00;Комплекты;Model X;;0;0;0;0;0;;;1600.00;RUB
125;Комплект X10 BLACK;;;;;;;;;;;;;;/upload/iblock/178/178755d04e8cb020c3db7d8f87ea24f4.jpg;;;;;;;;;1500.00;1500.00;Комплекты;Model X;;0;0;0;0;0;;;1500.00;RUB
125;Комплект X10 BLACK;;;;;;;;;;;;;;/upload/iblock/45e/45ec118bd82c8d9395db1db731d59582.jpg;;;;;;;;;1500.00;1500.00;Комплекты;Model X;;0;0;0;0;0;;;1500.00;RUB
125;Комплект X10 BLACK;;;;;;;;;;;;;;/upload/iblock/881/881853a4786f2c73b0d25115d3a025bb.jpg;;;;;;;;;1500.00;1500.00;Комплекты;Model X;;0;0;0;0;0;;;1500.00;RUB
126;Комплект X11 BLACK;;;;;;;;;;;;;;/upload/iblock/0e9/0e9cb65603643c5f925d0274eb8fcdd7.jpg;;;;;;;;;1500.00;1500.00;Комплекты;Model X;;0;0;0;0;0;;;1500.00;RUB
126;Комплект X11 BLACK;;;;;;;;;;;;;;/upload/iblock/a35/a358a457101227d60ce76033ad09388c.jpg;;;;;;;;;1500.00;1500.00;Комплекты;Model X;;0;0;0;0;0;;;1500.00;RUB
126;Комплект X11 BLACK;;;;;;;;;;;;;;/upload/iblock/80e/80e05bf20f0d8159f6f0f41ac18be003.jpg;;;;;;;;;1500.00;1500.00;Комплекты;Model X;;0;0;0;0;0;;;1500.00;RUB
127;Комплект X11 BEIGE;;;;;;;;;;;;;;/upload/iblock/0ed/0ed64e536a78b98974d81c02d1e2f5a9.jpg;;;;;;;;;1500.00;1500.00;Комплекты;Model X;;0;0;0;0;0;;;1500.00;RUB
127;Комплект X11 BEIGE;;;;;;;;;;;;;;/upload/iblock/972/9727d0e99dbc5bf0836393670a43ec85.jpg;;;;;;;;;1500.00;1500.00;Комплекты;Model X;;0;0;0;0;0;;;1500.00;RUB
127;Комплект X11 BEIGE;;;;;;;;;;;;;;/upload/iblock/6f5/6f53668d5e65529254440e43691529c9.jpg;;;;;;;;;1500.00;1500.00;Комплекты;Model X;;0;0;0;0;0;;;1500.00;RUB
128;Комплект X12 BLACK;;;;;;;;;;;;;;/upload/iblock/3a7/3a7d54d8c6798ab8898e9be70d21e2af.jpg;;;;;;;;;1600.00;1600.00;Комплекты;Model X;;0;0;0;0;0;;;1600.00;RUB
128;Комплект X12 BLACK;;;;;;;;;;;;;;/upload/iblock/3f0/3f0a16c7b44da05d8250418bb33ce26b.jpg;;;;;;;;;1600.00;1600.00;Комплекты;Model X;;0;0;0;0;0;;;1600.00;RUB
128;Комплект X12 BLACK;;;;;;;;;;;;;;/upload/iblock/590/590d2f19b38e8676b380be521f183b32.jpg;;;;;;;;;1600.00;1600.00;Комплекты;Model X;;0;0;0;0;0;;;1600.00;RUB
129;Комплект X13 WHITE;;;;;;;;;;;;;;/upload/iblock/62b/62b486e8f8f8c41a220b98bf8cc67df0.jpg;;;;;;;;;1600.00;1600.00;Комплекты;Model X;;0;0;0;0;0;;;1600.00;RUB
129;Комплект X13 WHITE;;;;;;;;;;;;;;/upload/iblock/542/5425a16a1b506ed868131e351ea6dd5f.jpg;;;;;;;;;1600.00;1600.00;Комплекты;Model X;;0;0;0;0;0;;;1600.00;RUB
129;Комплект X13 WHITE;;;;;;;;;;;;;;/upload/iblock/758/7581225968cce10ff9bfb89eb90f4dac.jpg;;;;;;;;;1600.00;1600.00;Комплекты;Model X;;0;0;0;0;0;;;1600.00;RUB
130;Комплект X13 BLUE;;;;;;;;;;;;;;/upload/iblock/397/3975ad13074d9b0b773255187b500ffa.jpg;;;;;;;;;1600.00;1600.00;Комплекты;Model X;;0;0;0;0;0;;;1600.00;RUB
130;Комплект X13 BLUE;;;;;;;;;;;;;;/upload/iblock/0a7/0a719a07799f1925eb7cef9f7e6ebd55.jpg;;;;;;;;;1600.00;1600.00;Комплекты;Model X;;0;0;0;0;0;;;1600.00;RUB
130;Комплект X13 BLUE;;;;;;;;;;;;;;/upload/iblock/bd5/bd573bf349f97495f5e7c0d90a2f2c42.jpg;;;;;;;;;1600.00;1600.00;Комплекты;Model X;;0;0;0;0;0;;;1600.00;RUB
131;Комплект X14 WHITE;;;;;;;;;;;;;;/upload/iblock/b24/b24af9acd793c39f334ff5d68d21d358.jpg;;;;;;;;;1400.00;1400.00;Комплекты;Model X;;0;0;0;0;0;;;1400.00;RUB
131;Комплект X14 WHITE;;;;;;;;;;;;;;/upload/iblock/06c/06c995079262c3ad86f4665055f95070.jpg;;;;;;;;;1400.00;1400.00;Комплекты;Model X;;0;0;0;0;0;;;1400.00;RUB
131;Комплект X14 WHITE;;;;;;;;;;;;;;/upload/iblock/c7a/c7ae8c786246cbffefc19ec0ffdc8830.jpg;;;;;;;;;1400.00;1400.00;Комплекты;Model X;;0;0;0;0;0;;;1400.00;RUB
132;Комплект X17 BLACK;;;;;;;;;;;;;;/upload/iblock/056/0568d3f025fb5e24d3796fd1866b5b1e.jpg;;;;;;;;;1500.00;1500.00;Комплекты;Model X;;0;0;0;0;0;;;1500.00;RUB
132;Комплект X17 BLACK;;;;;;;;;;;;;;/upload/iblock/8e3/8e3a6c4d6ee3d159d11401839a5bb8c5.jpg;;;;;;;;;1500.00;1500.00;Комплекты;Model X;;0;0;0;0;0;;;1500.00;RUB
132;Комплект X17 BLACK;;;;;;;;;;;;;;/upload/iblock/994/994284f181e613b826544e1c7a051100.jpg;;;;;;;;;1500.00;1500.00;Комплекты;Model X;;0;0;0;0;0;;;1500.00;RUB
133;Комплект X18 PINK;;;;;;;;;;;;;;/upload/iblock/d3c/d3c311fa8c69f5b273fe0b184ec78be7.jpg;;;;;;;;;1500.00;1500.00;Комплекты;Model X;;0;0;0;0;0;;;1500.00;RUB
133;Комплект X18 PINK;;;;;;;;;;;;;;/upload/iblock/e3f/e3fba88a136df28e35c21f87ceb7f98a.jpg;;;;;;;;;1500.00;1500.00;Комплекты;Model X;;0;0;0;0;0;;;1500.00;RUB
133;Комплект X18 PINK;;;;;;;;;;;;;;/upload/iblock/4ff/4ff7833e8ffb57e10209e0743b8accab.jpg;;;;;;;;;1500.00;1500.00;Комплекты;Model X;;0;0;0;0;0;;;1500.00;RUB
134;Комплект X18 GREY;;;;;;;;;;;;;;/upload/iblock/1c0/1c0e2fdac89a55420637247720231f73.jpg;;;;;;;;;1500.00;1500.00;Комплекты;Model X;;0;0;0;0;0;;;1500.00;RUB
134;Комплект X18 GREY;;;;;;;;;;;;;;/upload/iblock/71c/71cdf4f3bb4cb94d43303bc89b9fb606.jpg;;;;;;;;;1500.00;1500.00;Комплекты;Model X;;0;0;0;0;0;;;1500.00;RUB
134;Комплект X18 GREY;;;;;;;;;;;;;;/upload/iblock/f0a/f0a418afbac051e7f58118e7c74b834f.jpg;;;;;;;;;1500.00;1500.00;Комплекты;Model X;;0;0;0;0;0;;;1500.00;RUB
135;Комплект X19 BLACK;;;;;;;;;;;;;;/upload/iblock/56b/56b8b0fa8fa6853d520d68be4f7e1680.jpg;;;;31;;;;;1700.00;1700.00;Комплекты;Model X;;0;0;0;0;0;;;1700.00;RUB
135;Комплект X19 BLACK;;;;;;;;;;;;;;/upload/iblock/ea5/ea5274041c0ce499b9ac001f769ea332.jpg;;;;31;;;;;1700.00;1700.00;Комплекты;Model X;;0;0;0;0;0;;;1700.00;RUB
135;Комплект X19 BLACK;;;;;;;;;;;;;;/upload/iblock/758/758c1bc3899180350b83d552f31c3dde.jpg;;;;31;;;;;1700.00;1700.00;Комплекты;Model X;;0;0;0;0;0;;;1700.00;RUB
136;Комплект X20 RED;;;;;;;;;;;;;;/upload/iblock/15a/15a2ab7c1f32b0825915803de4b4011d.jpg;;;;;;;;;1700.00;1700.00;Комплекты;Model X;;0;0;0;0;0;;;1700.00;RUB
136;Комплект X20 RED;;;;;;;;;;;;;;/upload/iblock/ee6/ee64f03b22ade5656a4d2dc851c8c8d6.jpg;;;;;;;;;1700.00;1700.00;Комплекты;Model X;;0;0;0;0;0;;;1700.00;RUB
136;Комплект X20 RED;;;;;;;;;;;;;;/upload/iblock/dea/deadd203d82b85ea06d00340d7caa94b.jpg;;;;;;;;;1700.00;1700.00;Комплекты;Model X;;0;0;0;0;0;;;1700.00;RUB
137;Комплект X22 BLACK ;;;;;;;;;;;;;;/upload/iblock/7f8/7f8266010385d2384afeccc389e9b105.jpg;;;;;;;;;1400.00;1400.00;Комплекты;Model X;;0;0;0;0;0;;;1400.00;RUB
137;Комплект X22 BLACK ;;;;;;;;;;;;;;/upload/iblock/b05/b057487b079d68feffe5f63102600842.jpg;;;;;;;;;1400.00;1400.00;Комплекты;Model X;;0;0;0;0;0;;;1400.00;RUB
137;Комплект X22 BLACK ;;;;;;;;;;;;;;/upload/iblock/ebf/ebf578cce2b106aa4260357c0d941221.jpg;;;;;;;;;1400.00;1400.00;Комплекты;Model X;;0;0;0;0;0;;;1400.00;RUB
138;Комплект X22 SKIN;;;;;;;;;;;;;;/upload/iblock/113/113c34121948e90f59136d571452af12.jpg;;;;;;;;;1400.00;1400.00;Комплекты;Model X;;0;0;0;0;0;;;1400.00;RUB
138;Комплект X22 SKIN;;;;;;;;;;;;;;/upload/iblock/53c/53c3be5ec84fc5aab104bddc7fba3989.jpg;;;;;;;;;1400.00;1400.00;Комплекты;Model X;;0;0;0;0;0;;;1400.00;RUB
138;Комплект X22 SKIN;;;;;;;;;;;;;;/upload/iblock/35e/35efbd33ff4a2127bf85865d082443e9.jpg;;;;;;;;;1400.00;1400.00;Комплекты;Model X;;0;0;0;0;0;;;1400.00;RUB
139;Комплект X27 BEIGE;;;;;;;;;;;;;;/upload/iblock/791/791b4d2f56d3dbd1bdb59d5a49e007cf.jpg;;;;;;;;;1600.00;1600.00;Комплекты;Model X;;0;0;0;0;0;;;1600.00;RUB
140;Комплект X29 BLACK;;;;;;;;;;;;;;/upload/iblock/0ee/0eea5f1b21dc5fe1330c07ebec929694.jpg;;;;;;;;;1600.00;1600.00;Комплекты;Model X;;0;0;0;0;0;;;1600.00;RUB
140;Комплект X29 BLACK;;;;;;;;;;;;;;/upload/iblock/7ce/7cedf711ab1c563f9a70ad54e9111de5.jpg;;;;;;;;;1600.00;1600.00;Комплекты;Model X;;0;0;0;0;0;;;1600.00;RUB
140;Комплект X29 BLACK;;;;;;;;;;;;;;/upload/iblock/a5b/a5b30ddba1f44f26ade2c73ce4a81394.jpg;;;;;;;;;1600.00;1600.00;Комплекты;Model X;;0;0;0;0;0;;;1600.00;RUB
141;Комплект X29 WHITE;;;;;;;;;;;;;;/upload/iblock/797/79782ee158ae17a41528694876604d0a.jpg;;;;;;;;;1600.00;1600.00;Комплекты;Model X;;0;0;0;0;0;;;1600.00;RUB
141;Комплект X29 WHITE;;;;;;;;;;;;;;/upload/iblock/cff/cffa182ea22c252d2e8f04f2c22b283b.jpg;;;;;;;;;1600.00;1600.00;Комплекты;Model X;;0;0;0;0;0;;;1600.00;RUB
141;Комплект X29 WHITE;;;;;;;;;;;;;;/upload/iblock/4a0/4a0b72df60cc1ee99cb7967235e89c3b.jpg;;;;;;;;;1600.00;1600.00;Комплекты;Model X;;0;0;0;0;0;;;1600.00;RUB
141;Комплект X29 WHITE;;;;;;;;;;;;;;/upload/iblock/8f1/8f1028ecc73f29dd3b27b51dce401ddf.jpg;;;;;;;;;1600.00;1600.00;Комплекты;Model X;;0;0;0;0;0;;;1600.00;RUB
142;Комплект S2 PINK;;;;;;;;;;;;;;/upload/iblock/1ac/1ac0c1ffadaf2b2b4e34e2a550cf83b6.jpg;;;;;;;;;1200.00;1200.00;Комплекты;С чашкой;;0;0;0;0;0;;;1200.00;RUB
142;Комплект S2 PINK;;;;;;;;;;;;;;/upload/iblock/593/5931ec86c852abda2334fd408671d52c.jpg;;;;;;;;;1200.00;1200.00;Комплекты;С чашкой;;0;0;0;0;0;;;1200.00;RUB
142;Комплект S2 PINK;;;;;;;;;;;;;;/upload/iblock/f7d/f7dad008d91b74ba15f8b5530b4a8538.jpg;;;;;;;;;1200.00;1200.00;Комплекты;С чашкой;;0;0;0;0;0;;;1200.00;RUB
142;Комплект S2 PINK;;;;;;;;;;;;;;/upload/iblock/037/03778ee90a88c6a339e67bb8929fa509.jpg;;;;;;;;;1200.00;1200.00;Комплекты;С чашкой;;0;0;0;0;0;;;1200.00;RUB
143;Комплект S3 WHITE;;;;;;;;;;;;;;/upload/iblock/57c/57c0f7860bc63e42737a5ed44d68de68.jpg;;;;;;;;;1300.00;1300.00;Комплекты;С чашкой;;0;0;0;0;0;;;1300.00;RUB
143;Комплект S3 WHITE;;;;;;;;;;;;;;/upload/iblock/570/570c7f2c462024fde02b9a2c0c54a850.jpg;;;;;;;;;1300.00;1300.00;Комплекты;С чашкой;;0;0;0;0;0;;;1300.00;RUB
143;Комплект S3 WHITE;;;;;;;;;;;;;;/upload/iblock/096/096663ba6ba6b5c06464df7017ac4b16.jpg;;;;;;;;;1300.00;1300.00;Комплекты;С чашкой;;0;0;0;0;0;;;1300.00;RUB
143;Комплект S3 WHITE;;;;;;;;;;;;;;/upload/iblock/e21/e212619e6228576e8d563f0bc19a7a99.jpg;;;;;;;;;1300.00;1300.00;Комплекты;С чашкой;;0;0;0;0;0;;;1300.00;RUB
144;Комплект S4 RED;;;;;;;;;;;;;;/upload/iblock/d6c/d6c9368265b9b4811bd658ecbe615b62.jpg;;;;;;;;;1500.00;1500.00;Комплекты;С чашкой;;0;0;0;0;0;;;1500.00;RUB
144;Комплект S4 RED;;;;;;;;;;;;;;/upload/iblock/f5b/f5ba0de9d0b6b3e2f69fbef259fce41f.jpg;;;;;;;;;1500.00;1500.00;Комплекты;С чашкой;;0;0;0;0;0;;;1500.00;RUB
144;Комплект S4 RED;;;;;;;;;;;;;;/upload/iblock/ece/ece0a979653d8af2aa9661733222774b.jpg;;;;;;;;;1500.00;1500.00;Комплекты;С чашкой;;0;0;0;0;0;;;1500.00;RUB
144;Комплект S4 RED;;;;;;;;;;;;;;/upload/iblock/3c0/3c0e41c322acc5a1306e03a921ee831d.jpg;;;;;;;;;1500.00;1500.00;Комплекты;С чашкой;;0;0;0;0;0;;;1500.00;RUB
144;Комплект S4 RED;;;;;;;;;;;;;;/upload/iblock/5f5/5f58ace79bd0fcde85f5e904417cbb77.jpg;;;;;;;;;1500.00;1500.00;Комплекты;С чашкой;;0;0;0;0;0;;;1500.00;RUB
145;Комплект S7 BLACK;;;;;;;;;;;;;;/upload/iblock/17f/17ff115a5a3df24abd0188fac77eea75.jpg;;;;;;;;;1400.00;1400.00;Комплекты;С чашкой;;0;0;0;0;0;;;1400.00;RUB
145;Комплект S7 BLACK;;;;;;;;;;;;;;/upload/iblock/1cb/1cbd646555928f9a8b29d587f6a528d9.jpg;;;;;;;;;1400.00;1400.00;Комплекты;С чашкой;;0;0;0;0;0;;;1400.00;RUB
145;Комплект S7 BLACK;;;;;;;;;;;;;;/upload/iblock/7a4/7a426b77cfaf790d7079c5dedcca6b98.jpg;;;;;;;;;1400.00;1400.00;Комплекты;С чашкой;;0;0;0;0;0;;;1400.00;RUB
145;Комплект S7 BLACK;;;;;;;;;;;;;;/upload/iblock/0f4/0f4eb791dade410dcef51141419645d5.jpg;;;;;;;;;1400.00;1400.00;Комплекты;С чашкой;;0;0;0;0;0;;;1400.00;RUB
145;Комплект S7 BLACK;;;;;;;;;;;;;;/upload/iblock/f49/f497f6e9f03d497fae0c0e0f76191fa1.jpg;;;;;;;;;1400.00;1400.00;Комплекты;С чашкой;;0;0;0;0;0;;;1400.00;RUB
145;Комплект S7 BLACK;;;;;;;;;;;;;;/upload/iblock/b80/b8014ff6d36b05e6cfd5497413e8b9de.jpg;;;;;;;;;1400.00;1400.00;Комплекты;С чашкой;;0;0;0;0;0;;;1400.00;RUB
146;Комплект  S10 STRIPE;;;;;;;;;;;;;;/upload/iblock/a0d/a0d10dde1ca99125c52fdbff889e1d2f.jpg;;;;;;;;;1300.00;1300.00;Комплекты;С чашкой;;0;0;0;0;0;;;1300.00;RUB
146;Комплект  S10 STRIPE;;;;;;;;;;;;;;/upload/iblock/e6b/e6ba4724b4e6c31a54b3a20621f2df8b.jpg;;;;;;;;;1300.00;1300.00;Комплекты;С чашкой;;0;0;0;0;0;;;1300.00;RUB
146;Комплект  S10 STRIPE;;;;;;;;;;;;;;/upload/iblock/9c0/9c05a304ef4c0a88a3059a3495806fef.jpg;;;;;;;;;1300.00;1300.00;Комплекты;С чашкой;;0;0;0;0;0;;;1300.00;RUB
146;Комплект  S10 STRIPE;;;;;;;;;;;;;;/upload/iblock/08d/08d47ed48c39835e9dc9b6b64c20fbd3.jpg;;;;;;;;;1300.00;1300.00;Комплекты;С чашкой;;0;0;0;0;0;;;1300.00;RUB
147;Комплект S14 PINK;;;;;;;;;;;;;;/upload/iblock/11d/11dd2a6e8a159503ce88afb22ec33c50.jpg;;;;35;;;;;1000.00;1000.00;Комплекты;С чашкой;;0;0;0;0;0;;;1000.00;RUB
147;Комплект S14 PINK;;;;;;;;;;;;;;/upload/iblock/759/759131182b0e4741632e07f490354651.jpg;;;;35;;;;;1000.00;1000.00;Комплекты;С чашкой;;0;0;0;0;0;;;1000.00;RUB
147;Комплект S14 PINK;;;;;;;;;;;;;;/upload/iblock/ed2/ed23d7df3fb99b52862a47c012f2c075.jpg;;;;35;;;;;1000.00;1000.00;Комплекты;С чашкой;;0;0;0;0;0;;;1000.00;RUB
147;Комплект S14 PINK;;;;;;;;;;;;;;/upload/iblock/51d/51d216fec3a52f32eaf049e3b5f1cee0.jpg;;;;35;;;;;1000.00;1000.00;Комплекты;С чашкой;;0;0;0;0;0;;;1000.00;RUB
148;Комплект S15 BLUE;;;;;;;;;;;;;;/upload/iblock/5ec/5eca974cc08b184d7b96127ec2a7f39e.jpg;;;;;;;;;1300.00;1300.00;Комплекты;С чашкой;;0;0;0;0;0;;;1300.00;RUB
148;Комплект S15 BLUE;;;;;;;;;;;;;;/upload/iblock/731/731984289738a6dd2fcac262e5a0d5eb.jpg;;;;;;;;;1300.00;1300.00;Комплекты;С чашкой;;0;0;0;0;0;;;1300.00;RUB
148;Комплект S15 BLUE;;;;;;;;;;;;;;/upload/iblock/fb1/fb1fc4ec5269560d88c4a098325e229a.jpg;;;;;;;;;1300.00;1300.00;Комплекты;С чашкой;;0;0;0;0;0;;;1300.00;RUB
148;Комплект S15 BLUE;;;;;;;;;;;;;;/upload/iblock/f04/f0418ae3b337e0e15d9aa2243f23bcbd.jpg;;;;;;;;;1300.00;1300.00;Комплекты;С чашкой;;0;0;0;0;0;;;1300.00;RUB
148;Комплект S15 BLUE;;;;;;;;;;;;;;/upload/iblock/307/30787cfa2d946290ba23f5ba63156d15.jpg;;;;;;;;;1300.00;1300.00;Комплекты;С чашкой;;0;0;0;0;0;;;1300.00;RUB
149;Комплект S15 RED;;;;;;;;;;;;;;/upload/iblock/7bc/7bc0b4a7d57099ae82de0cbc59af212e.jpg;;;;;;;;;1300.00;1300.00;Комплекты;С чашкой;;0;0;0;0;0;;;1300.00;RUB
149;Комплект S15 RED;;;;;;;;;;;;;;/upload/iblock/af3/af3cea17e2671de62248da4834af62b0.jpg;;;;;;;;;1300.00;1300.00;Комплекты;С чашкой;;0;0;0;0;0;;;1300.00;RUB
149;Комплект S15 RED;;;;;;;;;;;;;;/upload/iblock/dd4/dd44cabaf58ab10ad4ada22901b6bae5.jpg;;;;;;;;;1300.00;1300.00;Комплекты;С чашкой;;0;0;0;0;0;;;1300.00;RUB
150;Комплект S16 BLACK;;;;;;;;;;;;;;/upload/iblock/0ed/0ed8efc689707a1d61792f92e64d86e5.jpg;;;;;;;;;1400.00;1400.00;Комплекты;С чашкой;;0;0;0;0;0;;;1400.00;RUB
150;Комплект S16 BLACK;;;;;;;;;;;;;;/upload/iblock/0a1/0a1509ca0dc190a33ffb3ac39ed2d4ea.jpg;;;;;;;;;1400.00;1400.00;Комплекты;С чашкой;;0;0;0;0;0;;;1400.00;RUB
150;Комплект S16 BLACK;;;;;;;;;;;;;;/upload/iblock/b54/b54803e92d35406b783420f79a595e64.jpg;;;;;;;;;1400.00;1400.00;Комплекты;С чашкой;;0;0;0;0;0;;;1400.00;RUB
150;Комплект S16 BLACK;;;;;;;;;;;;;;/upload/iblock/55c/55c3251cddf0b38ab94f6f97007fd363.jpg;;;;;;;;;1400.00;1400.00;Комплекты;С чашкой;;0;0;0;0;0;;;1400.00;RUB
150;Комплект S16 BLACK;;;;;;;;;;;;;;/upload/iblock/65a/65aec0d896e86dd86fd764ff9a8e09f0.jpg;;;;;;;;;1400.00;1400.00;Комплекты;С чашкой;;0;0;0;0;0;;;1400.00;RUB
151;Купальник W2 BLACK;;;;;;;;;;;;;;/upload/iblock/05b/05b9acdcd430b1148f6637844ce5ad91.jpg;;;;;;;;;1500.00;1500.00;Купальники;Раздельные;;0;0;0;0;0;;;1500.00;RUB
151;Купальник W2 BLACK;;;;;;;;;;;;;;/upload/iblock/678/6780be2f0df378b8ebd35b1748f0f7b3.jpg;;;;;;;;;1500.00;1500.00;Купальники;Раздельные;;0;0;0;0;0;;;1500.00;RUB
151;Купальник W2 BLACK;;;;;;;;;;;;;;/upload/iblock/a83/a8387219b03189655035cf4bc3167134.jpg;;;;;;;;;1500.00;1500.00;Купальники;Раздельные;;0;0;0;0;0;;;1500.00;RUB
152;Купальник W2 WHITE;;;;;;;;;;;;;;/upload/iblock/4e1/4e1a95103c1eecb599c9382b1ecb4756.jpg;;;;;;;;;1500.00;1500.00;Купальники;Раздельные;;0;0;0;0;0;;;1500.00;RUB
152;Купальник W2 WHITE;;;;;;;;;;;;;;/upload/iblock/a19/a190a8f0d5f4960585acce86ca52f50b.jpg;;;;;;;;;1500.00;1500.00;Купальники;Раздельные;;0;0;0;0;0;;;1500.00;RUB
152;Купальник W2 WHITE;;;;;;;;;;;;;;/upload/iblock/16a/16a6b20cb61a8e5cacd6eff74889e907.jpg;;;;;;;;;1500.00;1500.00;Купальники;Раздельные;;0;0;0;0;0;;;1500.00;RUB
153;Купальник W3 BLUE;;;;;;;;;;;;;;/upload/iblock/1d4/1d47388f614e3b23748ab28aa4e9a03c.jpg;;;;;;;;;1600.00;1600.00;Купальники;Раздельные;;0;0;0;0;0;;;1600.00;RUB
153;Купальник W3 BLUE;;;;;;;;;;;;;;/upload/iblock/366/366ea38d5d4139b99584e3ceb3f72509.jpg;;;;;;;;;1600.00;1600.00;Купальники;Раздельные;;0;0;0;0;0;;;1600.00;RUB
153;Купальник W3 BLUE;;;;;;;;;;;;;;/upload/iblock/a05/a05e42d7c87d6e43a2dc0ef311bec581.jpg;;;;;;;;;1600.00;1600.00;Купальники;Раздельные;;0;0;0;0;0;;;1600.00;RUB
154;Купальник W3 BLACK;;;;;;;;;;;;;;/upload/iblock/b2d/b2de588f09b0adee291e67e6ffe98334.jpg;;;;;;;;;1600.00;1600.00;Купальники;Раздельные;;0;0;0;0;0;;;1600.00;RUB
154;Купальник W3 BLACK;;;;;;;;;;;;;;/upload/iblock/0e9/0e9221ebac42b320b48e7ba2474ceb4c.jpg;;;;;;;;;1600.00;1600.00;Купальники;Раздельные;;0;0;0;0;0;;;1600.00;RUB
154;Купальник W3 BLACK;;;;;;;;;;;;;;/upload/iblock/c54/c5414c6ed58705a1690408fa46f133d1.jpg;;;;;;;;;1600.00;1600.00;Купальники;Раздельные;;0;0;0;0;0;;;1600.00;RUB
155;Купальник W6 BLUE;;текст текст;;;;;;Y;Y;20;;кашемир;;/upload/iblock/0e6/0e6042b92d79eb3aaa6daedbe97c5cc3.jpg;;;;34;;;;;1500.00;1500.00;Купальники;Раздельные;;0;0;0;0;0;;;1500.00;RUB
156;Купальник W8 BLUE;;;;;;;;;;;;;;/upload/iblock/25e/25e56f2c779db652da6725a5d6e712f1.jpg;;;;;;;;;1600.00;1600.00;Купальники;Раздельные;;0;0;0;0;0;;;1600.00;RUB
157;Купальник W9 WHITE;;;;;;;;;;;;;;/upload/iblock/295/29501aa158a603627e0db4ed54efaf06.jpg;;;;32;;;;;1400.00;1400.00;Купальники;Слитные;;0;0;0;0;0;;;1400.00;RUB
158;Купальник W11 BLACK;;;;;;;;;;;;;;/upload/iblock/656/65601bd6766adddba608e40172c2105a.jpg;;;;;;;;;1800.00;1800.00;Купальники;Раздельные;;0;0;0;0;0;;;1800.00;RUB
159;Купальник W15 BLUE;;;;;;;;;;;;;;/upload/iblock/b84/b84a03c2880a917318fb17bdf69ee969.jpg;;;;;;;;;1500.00;1500.00;Купальники;Раздельные;;0;0;0;0;0;;;1500.00;RUB
160;Купальник W16 BLACK;;;;;;;;;;;;;;/upload/iblock/aa4/aa488b3e4130ff82f21022d278afefd2.jpg;;;;;;;;;1400.00;1400.00;Купальники;Раздельные;;0;0;0;0;0;;;1400.00;RUB
161;Купальник W17 PINK;;;;;;;;;;;;;;/upload/iblock/494/494f94d296a5521aad4abeaf2f2f8efe.jpg;;;;;;;;;1700.00;1700.00;Купальники;Раздельные;;0;0;0;0;0;;;1700.00;RUB
162;Купальник W18 VIOLET;;;;;;;;;;;;;;/upload/iblock/d97/d97c49ddfe95ab985f166d05720aeb3b.jpg;;;;;;;;;1600.00;1600.00;Купальники;Раздельные;;0;0;0;0;0;;;1600.00;RUB
163;Купальник W20 BLACK;;;;;;;;;;;;;;/upload/iblock/9ba/9baa7ea3a00c28ba08e53d4afdff99d2.jpg;;;;;;;;;1600.00;1600.00;Купальники;Слитные;;0;0;0;0;0;;;1600.00;RUB
164;Купальник W21 FLOWER;;;;;;;;;;;;;;/upload/iblock/490/490f61d65323b0d3c747f0f5b78d10b7.jpg;;;;;;;;;1600.00;1600.00;Купальники;Раздельные;;0;0;0;0;0;;;1600.00;RUB
165;Купальник W22 PINK;;;;;;;;;;;;;;/upload/iblock/d8c/d8c63718705ee729ff97ecccb4300cfd.jpg;;;;;;;;;1500.00;1500.00;Купальники;Раздельные;;0;0;0;0;0;;;1500.00;RUB
166;Купальник W23 WHITE;;;;;;;;;;;;;;/upload/iblock/bc8/bc87aebadd91b7faebfaf067fc4eb2f9.jpg;;;;;;;;;1700.00;1700.00;Купальники;Раздельные;;0;0;0;0;0;;;1700.00;RUB
167;Купальник W24 RED;;;;;;;;;;;;;;/upload/iblock/a53/a53fcca14325b13157f7607c893b198d.jpg;;;;;;;;;900.00;900.00;Купальники;Раздельные;;0;0;0;0;0;;;900.00;RUB
168;Купальник W24 WHITE;;;;;;;;;;;;;;/upload/iblock/a10/a108a4493b52eca1e357b85141b68f5c.jpg;;;;;;;;;900.00;900.00;Купальники;Раздельные;;0;0;0;0;0;;;900.00;RUB
169;Купальник W24 PURPLE;;;;;;;;;;;;;;/upload/iblock/ccf/ccf9aec8dee5f98deeee318c24fad49c.jpg;;;;;;;;;900.00;900.00;Купальники;Раздельные;;0;0;0;0;0;;;900.00;RUB
170;Купальник W24 PEACH;;;;;;;;;;;;;;/upload/iblock/cc0/cc0f78f753f7926e1253b2eb678b0567.jpg;;;;;;;;;900.00;900.00;Купальники;Раздельные;;0;0;0;0;0;;;900.00;RUB
171;Купальник W24 CRIMSON;;;;;;;;;;;;;;/upload/iblock/9be/9be1559a06025e616ff57564d7fb86d5.jpg;;;;;;;;;900.00;900.00;Купальники;Раздельные;;0;0;0;0;0;;;900.00;RUB
172;Купальник W24 ORANGE;;;;;;;;;;;;;;/upload/iblock/a90/a909d9862743c9b7a6fb1f4b9a7535dc.jpg;;;;;;;;;900.00;900.00;Купальники;Раздельные;;0;0;0;0;0;;;900.00;RUB
173;Купальник W24 GREEN;;;;;;;;;;;;;;/upload/iblock/7ba/7babee4544f7554e8692a3b1ad38f98d.jpg;;;;;;;;;900.00;900.00;Купальники;Раздельные;;0;0;0;0;0;;;900.00;RUB
174;Купальник W24 PINK;;;;;;;;;;;;;;/upload/iblock/c14/c1456e559d7d97fc423d3ce16ccab748.jpg;;;;;;;;;900.00;900.00;Купальники;Раздельные;;0;0;0;0;0;;;900.00;RUB
175;Купальник W24 YELLOW;;;;;;;;;;;;;;/upload/iblock/069/06974e75234d7b245a2c83ef4e3d10c7.jpg;;;;;;;;;900.00;900.00;Купальники;Раздельные;;0;0;0;0;0;;;900.00;RUB
177;Купальник W25 PINK;;;;;;;;;;;;;;/upload/iblock/153/153da4d25dd3717d650e76c2f825c9fa.jpg;;;;;;;;;900.00;900.00;Купальники;Раздельные;;0;0;0;0;0;;;900.00;RUB
178;Купальник W25 WHITE;;;;;;;;;;;;;;/upload/iblock/e2a/e2a67fd00fdbd9398e57e6b55e1df4bf.jpg;;;;;;;;;900.00;900.00;Купальники;Раздельные;;0;0;0;0;0;;;900.00;RUB
179;Купальник W25 BLUE;;;;;;;;;;;;;;/upload/iblock/188/1883884283d5897ce2ce3ba21777e2b6.jpg;;;;;;;;;900.00;900.00;Купальники;Раздельные;;0;0;0;0;0;;;900.00;RUB
180;Купальник W31 PINK;;;;;;;;;;;;;;/upload/iblock/7bd/7bd76b1271b0f478dc927f900897be56.jpg;;;;;;;;;1000.00;1000.00;Купальники;Раздельные;;0;0;0;0;0;;;1000.00;RUB
181;Купальник W32 USA;;;;;;;;;;;;;;/upload/iblock/ac7/ac77227f108ecacde9f0e36420166133.jpg;;;;;;;;;1300.00;1300.00;Купальники;Раздельные;;0;0;0;0;0;;;1300.00;RUB
182;Купальник W33 PINK;;;;;;;;;;;;;;/upload/iblock/97c/97cd6b9d7d2dafd6e872803011a06ff3.jpg;;;;;;;;;1200.00;1200.00;Купальники;Раздельные;;0;0;0;0;0;;;1200.00;RUB
183;Купальник W34 YELLOW;;;;;;;;;;;;;;/upload/iblock/761/761e7bd080389eec91b4275088057258.jpg;;;;;;;;;1200.00;1200.00;Купальники;Раздельные;;0;0;0;0;0;;;1200.00;RUB
184;Купальник W36 BLACK;;;;;;;;;;;;;;/upload/iblock/ad0/ad014787412ee232f5385ee4d6bdc46f.jpg;;;;;;;;;1700.00;1700.00;Купальники;Раздельные;;0;0;0;0;0;;;1700.00;RUB
185;Купальник W37 PINK;;;;;;;;;;;;;;/upload/iblock/a9d/a9d72d576236e42324955ed8bd9792d4.jpg;;;;;;;;;1200.00;1200.00;Купальники;Раздельные;;0;0;0;0;0;;;1200.00;RUB
186;Купальник W40 FUN;;;;;;;;;;;;;;/upload/iblock/f80/f808e918a15b4645e4161d9c2b7c1b25.jpg;;;;;;;;;1300.00;1300.00;Купальники;Раздельные;;0;0;0;0;0;;;1300.00;RUB
187;Купальник W42 WHITE;;;;;;;;;;;;;;/upload/iblock/0ed/0ed0d41229e7be968b34eb1c3a0caf3f.jpg;;;;;;;;;1500.00;1500.00;Купальники;Раздельные;;0;0;0;0;0;;;1500.00;RUB
188;Купальник W43 WHITE;;;;;;;;;;;;;;/upload/iblock/12d/12dbb817ad0934214ea285e138d91a11.jpg;;;;;;;;;1600.00;1600.00;Купальники;Слитные;;0;0;0;0;0;;;1600.00;RUB
189;Купальник W44 BLACK;;;;;;;;;;;;;;/upload/iblock/d53/d539a3bffefd3879165b0e4b90c6e4a0.jpg;;;;;;;;;1600.00;1600.00;Купальники;Раздельные;;0;0;0;0;0;;;1600.00;RUB
190;Купальник W45 BLACK;;;;;;;;;;;;;;/upload/iblock/f97/f9707306690d7a7ea9d740be9447b5a2.jpg;;;;;;;;;1500.00;1500.00;Купальники;Раздельные;;0;0;0;0;0;;;1500.00;RUB
191;Купальник W48 PURPLE;;;;;;;;;;;;;;/upload/iblock/1b4/1b4dad45af2f746924d5d1c76a432a25.jpg;;;;;;;;;1600.00;1600.00;Купальники;Раздельные;;0;0;0;0;0;;;1600.00;RUB
192;Купальник W52 RED;;;;;;;;;;;;;;/upload/iblock/74e/74e96e45c28320ef5658ecb3d6535af6.jpg;;;;;;;;;1600.00;1600.00;Купальники;Раздельные;;0;0;0;0;0;;;1600.00;RUB
193;Комплект S95 SEA;;;;;;;;;;;;;;/upload/iblock/d4e/d4ed077ff8a57f87bcebc08556135ae4.jpg;;;;;;;;;1300.00;1300.00;Комплекты;С чашкой;;0;0;0;0;0;;;1300.00;RUB
194;Купальник W54 ORANGE;;;;;;;;;;;;;;/upload/iblock/81e/81e223f76a94641f858ca6754d8506f6.jpg;;;;;;;;;1300.00;1300.00;Купальники;Раздельные;;0;0;0;0;0;;;1300.00;RUB
195;Купальник W54 YELLOW;;;;;;;;;;;;;;/upload/iblock/c5b/c5bc645ad73a0e808fe109537ae1594b.jpg;;;;;;;;;1300.00;1300.00;Купальники;Раздельные;;0;0;0;0;0;;;1300.00;RUB
196;Купальник W56 RED;;;;;;;;;;;;;;/upload/iblock/476/47611aaf91b2984b99eb8e570b2a76c6.jpg;;;;;;;;;1500.00;1500.00;Купальники;Слитные;;0;0;0;0;0;;;1500.00;RUB
197;Купальник W56 BLACK;;;;;;;;;;;;;;/upload/iblock/950/95085d401aa618269664b371319b7483.jpg;;;;;;;;;1500.00;1500.00;Купальники;Слитные;;0;0;0;0;0;;;1500.00;RUB
198;Купальник W57 BLACK;;;;;;;;;;;;;;/upload/iblock/b01/b01ebac594dc4810ae2127f6e6c4aae3.jpg;;;;;;;;;1300.00;1300.00;Купальники;Слитные;;0;0;0;0;0;;;1300.00;RUB
199;Купальник W60 GREY;;;;;;;;;;;;;;/upload/iblock/c40/c409bcb1266e1902d61af0288080d21e.jpg;;;;;;;;;1700.00;1700.00;Купальники;Раздельные;;0;0;0;0;0;;;1700.00;RUB
200;Купальник W61 GEOM;;;;;;;;;;;;;;/upload/iblock/0bb/0bb7cff0c9896cda5cbc5bcb18634f65.jpg;;;;;;;;;1500.00;1500.00;Купальники;Раздельные;;0;0;0;0;0;;;1500.00;RUB
201;Купальник W62 RED;;;;;;;;;;;;;;/upload/iblock/99d/99d6fd6c5edd66a8801577b93c6e27fb.jpg;;;;;;;;;1500.00;1500.00;Купальники;Слитные;;0;0;0;0;0;;;1500.00;RUB
202;Купальник W63 BLUE;;;;;;;;;;;;;;/upload/iblock/281/281017ed2916ac03df2d3f3bcbe6a888.jpg;;;;;;;;;1500.00;1500.00;Купальники;Раздельные;;0;0;0;0;0;;;1500.00;RUB
203;Купальник W64 BLACK;;;;;;;;;;;;;;/upload/iblock/de3/de39ccf9b06dc15ecfec68980783400d.jpg;;;;;;;;;1400.00;1400.00;Купальники;Раздельные;;0;0;0;0;0;;;1400.00;RUB
204;Купальник W65 BLUE;;;;;;;;;;;;;;/upload/iblock/9ce/9ce1e32282ae49af68125e92f27e78e1.jpg;;;;;;;;;1700.00;1700.00;Купальники;Слитные;;0;0;0;0;0;;;1700.00;RUB
205;Купальник W67 BLACK;;;;;;;;;;;;;;/upload/iblock/24e/24e0aacdcec1f72288848fd153ea254a.jpg;;;;;;;;;1500.00;1500.00;Купальники;Раздельные;;0;0;0;0;0;;;1500.00;RUB
206;Купальник W68 COLOR;;;;;;;;;;;;;;/upload/iblock/183/183dee2b5d5bbbc9036390a3ddace58a.jpg;;;;;;;;;1500.00;1500.00;Купальники;Раздельные;;0;0;0;0;0;;;1500.00;RUB
207;Купальник W69 BLUE;;;;;;;;;;;;;;/upload/iblock/2c7/2c77810c9c2fcb804012241ce6a26fb1.jpg;;;;;;;;;1600.00;1600.00;Купальники;Раздельные;;0;0;0;0;0;;;1600.00;RUB
208;Купальник W69 BLACK;;;;;;;;;;;;;;/upload/iblock/963/963928819860417aa18aa4e0082fa7b0.jpg;;;;;;;;;1600.00;1600.00;Купальники;Раздельные;;0;0;0;0;0;;;1600.00;RUB
209;Купальник W70 RED;;;;;;;;;;;;;;/upload/iblock/d0c/d0c331edc16c9d752223290667fc1884.jpg;;;;;;;;;1500.00;1500.00;Купальники;Слитные;;0;0;0;0;0;;;1500.00;RUB
210;Купальник W71 PINKY;;;;;;;;;;;;;;/upload/iblock/bb3/bb375f715d76d60fa6aa7d01ac099da0.jpg;;;;;;;;;1600.00;1600.00;Купальники;Раздельные;;0;0;0;0;0;;;1600.00;RUB
211;Купальник W72 STARK;;;;;;;;;;;;;;/upload/iblock/395/39557025876e1e440d4829beb46cc33e.jpg;;;;;;;;;1600.00;1600.00;Купальники;Раздельные;;0;0;0;0;0;;;1600.00;RUB
212;Купальник W73 ROMB;;;;;;;;;;;;;;/upload/iblock/dd3/dd3aabd9bf96178ef15ad28ae5856d81.jpg;;;;;;;;;1500.00;1500.00;Купальники;Раздельные;;0;0;0;0;0;;;1500.00;RUB
213;Купальник W73 WHITE;;;;;;;;;;;;;;/upload/iblock/190/19059cf55be8ca2aa6e98b392a5e3831.jpg;;;;;;;;;1500.00;1500.00;Купальники;Раздельные;;0;0;0;0;0;;;1500.00;RUB
214;Купальник W73 TROPIC;;;;;;;;;;;;;;/upload/iblock/5ab/5abe24fe5c8b4a34d60fcf8ea36a1355.jpg;;;;;;;;;1500.00;1500.00;Купальники;Раздельные;;0;0;0;0;0;;;1500.00;RUB
215;Купальник W74 MICKEY;;;;;;;;;;;;;;/upload/iblock/982/9821f664bb06022c07058dafb2f5add4.jpg;;;;;;;;;1700.00;1700.00;Купальники;Раздельные;;0;0;0;0;0;;;1700.00;RUB
216;Купальник W75 PINK;;;;;;;;;;;;;;/upload/iblock/c5f/c5f317d716bf893c33a326f3bc22892d.jpg;;;;;;;;;1600.00;1600.00;Купальники;Слитные;;0;0;0;0;0;;;1600.00;RUB
217;Купальник W76 WHITE;;;;;;;;;;;;;;/upload/iblock/838/8381e7a360674c51a41a01184696fe0b.jpg;;;;;;;;;1600.00;1600.00;Купальники;Слитные;;0;0;0;0;0;;;1600.00;RUB
218;Купальник W77 BLUE;;;;;;;;;;;;;;/upload/iblock/dd8/dd8dbcd1a99c1994e7389d0514c0c247.jpg;;;;;;;;;1600.00;1600.00;Купальники;Раздельные;;0;0;0;0;0;;;1600.00;RUB
219;Купальник W78 PINK;;;;;;;;;;;;;;/upload/iblock/279/279682e12b8f9b9c145e3fbfcac51e09.jpg;;;;;;;;;1600.00;1600.00;Купальники;Раздельные;;0;0;0;0;0;;;1600.00;RUB
220;Купальник W79 GRAPE;;;;;;;;;;;;;;/upload/iblock/ed5/ed5430417d92083d7b6c3f975cedc812.jpg;;;;;;;;;1600.00;1600.00;Купальники;Раздельные;;0;0;0;0;0;;;1600.00;RUB
221;Купальник W79 WHITE;;;;;;;;;;;;;;/upload/iblock/f99/f9957dc6f14e74580e17dc8817a6fd39.jpg;;;;;;;;;1600.00;1600.00;Купальники;Раздельные;;0;0;0;0;0;;;1600.00;RUB
222;Купальник W79 STRIPE;;;;;;;;;;;;;;/upload/iblock/0a2/0a2287074ffcb256d5b073be2f8256bb.jpg;;;;;;;;;1600.00;1600.00;Купальники;Раздельные;;0;0;0;0;0;;;1600.00;RUB
223;Купальник W80 BLACK;;;;;;;;;;;;;;/upload/iblock/563/563488bcefba645c2a5efc7fa82f4b07.jpg;;;;;;;;;1600.00;1600.00;Купальники;Слитные;;0;0;0;0;0;;;1600.00;RUB
224;Купальник W80 WHITE;;;;;;;;;;;;;;/upload/iblock/4d2/4d24f9a03b58b0850445b0caf8fa7af1.jpg;;;;;;;;;1600.00;1600.00;Купальники;Слитные;;0;0;0;0;0;;;1600.00;RUB
225;Купальник W81 BLACK;;;;;;;;;;;;;;/upload/iblock/9b1/9b10f994415239af2bfd717a7ec3fef9.jpg;;;;;;;;;1600.00;1600.00;Купальники;Раздельные;;0;0;0;0;0;;;1600.00;RUB
226;Купальник W81 WHITE;;;;;;;;;;;;;;/upload/iblock/f79/f79c3f10c1912d268b2e44a1f7aa65c2.jpg;;;;;;;;;1600.00;1600.00;Купальники;Раздельные;;0;0;0;0;0;;;1600.00;RUB
227;Купальник W82 BLACK;;;;;;;;;;;;;;/upload/iblock/c94/c94ef76f10c1199098a9cbd52e002f3c.jpg;;;;;;;;;1600.00;1600.00;Купальники;Раздельные;;0;0;0;0;0;;;1600.00;RUB
228;Купальник W84 BLACK;;;;;;;;;;;;;;/upload/iblock/194/19454944538c3a99201dc1c907936dea.jpg;;;;;;;;;1600.00;1600.00;Купальники;Слитные;;0;0;0;0;0;;;1600.00;RUB
229;Купальник W86 RED;;;;;;;;;;;;;;/upload/iblock/2f2/2f2f3a77c72961760ceacbe47d808bc2.jpg;;;;;;;;;1600.00;1600.00;Купальники;Раздельные;;0;0;0;0;0;;;1600.00;RUB
230;Купальник W86 PINK;;;;;;;;;;;;;;/upload/iblock/549/54901e472be5f724da6c7082811a896d.jpg;;;;;;;;;1600.00;1600.00;Купальники;Раздельные;;0;0;0;0;0;;;1600.00;RUB
231;Пеньюар V5 WHITE;;;;;;;;;;;;;;/upload/iblock/dea/dea1cb012b6784cb2de65424a2239723.jpg;;;;;;;;;2200.00;2200.00;Пеньюары;Пеньюары;;0;0;0;0;0;;;2200.00;RUB
231;Пеньюар V5 WHITE;;;;;;;;;;;;;;/upload/iblock/bd2/bd2272b274f83c519a626a1534bd6a04.jpg;;;;;;;;;2200.00;2200.00;Пеньюары;Пеньюары;;0;0;0;0;0;;;2200.00;RUB
232;Пеньюар с трусиками стрингами V7 PINK;;;;;;;;;;;;;;/upload/iblock/264/2642e1f1b855c44622d0f02a39e6c512.jpg;;;;;;;;;1500.00;1500.00;Пеньюары;Пеньюары;;0;0;0;0;0;;;1500.00;RUB
232;Пеньюар с трусиками стрингами V7 PINK;;;;;;;;;;;;;;/upload/iblock/9b3/9b3aeafcd709eb0bf9bd26ed1cb989a6.jpg;;;;;;;;;1500.00;1500.00;Пеньюары;Пеньюары;;0;0;0;0;0;;;1500.00;RUB
232;Пеньюар с трусиками стрингами V7 PINK;;;;;;;;;;;;;;/upload/iblock/63b/63b9a2d32969f6fbbdc7b9481c02d748.jpg;;;;;;;;;1500.00;1500.00;Пеньюары;Пеньюары;;0;0;0;0;0;;;1500.00;RUB
232;Пеньюар с трусиками стрингами V7 PINK;;;;;;;;;;;;;;/upload/iblock/48c/48c1114c16fb6c0552e78c58dbd0386e.jpg;;;;;;;;;1500.00;1500.00;Пеньюары;Пеньюары;;0;0;0;0;0;;;1500.00;RUB
233;Пеньюар-боди V9 ROSE;;;;;;;;;;;;;;/upload/iblock/13c/13c0a3a32c83af157d9cab2adc28b05f.jpg;;;;;;;;;1600.00;1600.00;Пеньюары;Пеньюары;;0;0;0;0;0;;;1600.00;RUB
233;Пеньюар-боди V9 ROSE;;;;;;;;;;;;;;/upload/iblock/174/17494e6265f494070908b0df4bdcc2dd.jpg;;;;;;;;;1600.00;1600.00;Пеньюары;Пеньюары;;0;0;0;0;0;;;1600.00;RUB
234;Халатик с трусиками стрингами V12 WHITE;;;;;;;;;;;;;;/upload/iblock/cd9/cd9b50acb4bcd5c34152b7b66f0bb39d.jpg;;;;;;;;;1900.00;1900.00;Пеньюары;Пеньюары;;0;0;0;0;0;;;1900.00;RUB
234;Халатик с трусиками стрингами V12 WHITE;;;;;;;;;;;;;;/upload/iblock/5a6/5a6a439ec7520ded14df4d85d2240725.jpg;;;;;;;;;1900.00;1900.00;Пеньюары;Пеньюары;;0;0;0;0;0;;;1900.00;RUB
234;Халатик с трусиками стрингами V12 WHITE;;;;;;;;;;;;;;/upload/iblock/9bb/9bbeb15126e97f53eaf19f379c7b1358.jpg;;;;;;;;;1900.00;1900.00;Пеньюары;Пеньюары;;0;0;0;0;0;;;1900.00;RUB
235;Пеньюар с трусиками-стрингами V15 BLACK;;;;;;;;;;;;;;/upload/iblock/cc1/cc1b04b536dd329019f33e8bcc618ac0.jpg;;;;;;;;;1600.00;1600.00;Пеньюары;Пеньюары;;0;0;0;0;0;;;1600.00;RUB
235;Пеньюар с трусиками-стрингами V15 BLACK;;;;;;;;;;;;;;/upload/iblock/ab3/ab317d3336ef24260c4f2fedb1153837.jpg;;;;;;;;;1600.00;1600.00;Пеньюары;Пеньюары;;0;0;0;0;0;;;1600.00;RUB
236;Пеньюар с трусиками V18 BLACK;;;;;;;;;;;;;;/upload/iblock/5d6/5d6165128ae827793c2e26e0392ec03d.jpg;;;;;;;;;2300.00;2300.00;Пеньюары;Пеньюары;;0;0;0;0;0;;;2300.00;RUB
237;Пеньюар с трусиками V19 CREME;;;;;;;;;;;;;;/upload/iblock/65a/65a182d8dfe0f720a26f2bff15f37701.jpg;;;;;;;;;2100.00;2100.00;Пеньюары;Пеньюары;;0;0;0;0;0;;;2100.00;RUB
238;Пеньюар с трусиками-стрингами V20 BLUE;;;;;;;;;;;;;;/upload/iblock/7bb/7bbc14621de9967d6e97bdf054f11eff.jpg;;;;;;;;;1900.00;1900.00;Пеньюары;Пеньюары;;0;0;0;0;0;;;1900.00;RUB
239;Пеньюар с трусиками-стрингами V21 RED;;;;;;;;;;;;;;/upload/iblock/0dd/0dde56658757878933175752aa8152b0.jpg;;;;;;;;;2200.00;2200.00;Пеньюары;Пеньюары;;0;0;0;0;0;;;2200.00;RUB
240;Пеньюар с шортиками V22 PINK;;;;;;;;;;;;;;/upload/iblock/e66/e6635257b1f856d83156d1bd604eb806.jpg;;;;;;;;;2100.00;2100.00;Пеньюары;Пеньюары;;0;0;0;0;0;;;2100.00;RUB
241;Пеньюар-боди V23 PINK;;;;;;;;;;;;;;/upload/iblock/7f1/7f116ed50f377e5f7d430f4133c7ec8f.jpg;;;;;;;;;1600.00;1600.00;Пеньюары;Пеньюары;;0;0;0;0;0;;;1600.00;RUB
242;Пеньюар-боди V23 BLUE;;;;;;;;;;;;;;/upload/iblock/2e7/2e7d4b314bad3fb3cf6ead2c51d7f1df.jpg;;;;;;;;;1600.00;1600.00;Пеньюары;Пеньюары;;0;0;0;0;0;;;1600.00;RUB
243;Пеньюар с трусиками V24 RED;;;;;;;;;;;;;;/upload/iblock/2d9/2d92a6e5bb62210f2e744462260a3a4f.jpg;;;;;;;;;1900.00;1900.00;Пеньюары;Пеньюары;;0;0;0;0;0;;;1900.00;RUB
244;Пеньюар с трусиками V24 SKIN;;;;;;;;;;;;;;/upload/iblock/cd3/cd34626a21f34d9184b3e069229e7002.jpg;;;;;;;;;1900.00;1900.00;Пеньюары;Пеньюары;;0;0;0;0;0;;;1900.00;RUB
245;Пеньюар с трусиками V25 BLACK;;;;;;;;;;;;;;/upload/iblock/ce7/ce742a14b76203b7d5b621d3abe063cc.jpg;;;;;;;;;1900.00;1900.00;Пеньюары;Пеньюары;;0;0;0;0;0;;;1900.00;RUB
246;Пеньюар-боди V26 MINT;;;;;;;;;;;;;;/upload/iblock/74a/74a4573f14958833890a4a6897f50af5.jpg;;;;;;;;;1500.00;1500.00;Пеньюары;Пеньюары;;0;0;0;0;0;;;1500.00;RUB
247;Топ T2 BLACK;;;;;;;;;;;;;;/upload/iblock/0af/0af12f48e9b19b19379b824fe004a3be.jpg;;;;;;;;;800.00;800.00;Топы;С чашкой;;0;0;0;0;0;;;800.00;RUB
248;Топ T2 PINK;;;;;;;;;;;;;;/upload/iblock/316/3160162fc4d90b56a28401bb03df7ad3.jpg;;;;;;;;;800.00;800.00;Топы;С чашкой;;0;0;0;0;0;;;800.00;RUB
249;Топ T3 RED;;;;;;;;;;;;;;/upload/iblock/f0e/f0e6ce813a6e8166da2ff2e685b42b06.jpg;;;;;;;;;1200.00;1200.00;Топы;Мягкие без косточек;;0;0;0;0;0;;;1200.00;RUB
250;Топ T4 BLACK;;;;;;;;;;;;;;/upload/iblock/1a8/1a84f474f5ff041e0e6b4021b4d35676.jpg;;;;;;;;;1200.00;1200.00;Топы;Мягкие без косточек;;0;0;0;0;0;;;1200.00;RUB
251;Топ T5 WHITE;;;;;;;;;;;;;;/upload/iblock/1b5/1b5737170c170cb6d0bd30aa90c2cb06.jpg;;;;;;;;;1400.00;1400.00;Топы;Мягкие без косточек;;0;0;0;0;0;;;1400.00;RUB
252;Топ T6 BLACK;;;;;;;;;;;;;;/upload/iblock/08c/08c48cc0c7a829130c80b56c17ea2de4.jpg;;;;;;;;;1400.00;1400.00;Топы;Мягкие без косточек;;0;0;0;0;0;;;1400.00;RUB
253;Топ T7 WHITE;;;;;;;;;;;;;;/upload/iblock/aef/aefbf5de26952d87312e4b11b9c0ad29.jpg;;;;;;;;;1200.00;1200.00;Топы;Мягкие без косточек;;0;0;0;0;0;;;1200.00;RUB
254;Топ T7 BLACK;;;;;;;;;;;;;;/upload/iblock/795/7956b80dd14c567d1d557f3d4072c40b.jpg;;;;;;;;;1200.00;1200.00;Топы;Мягкие без косточек;;0;0;0;0;0;;;1200.00;RUB
255;Топ T11 WHITE;;;;;;;;;;;;;;/upload/iblock/6df/6df5aaff043ee80affe7c1fe10c76bcc.jpg;;;;;;;;;1200.00;1200.00;Топы;Мягкие без косточек;;0;0;0;0;0;;;1200.00;RUB
256;Топ T11 BLACK;;;;;;;;;;;;;;/upload/iblock/b03/b03ca627f692d162ab62f2f4ea29e383.jpg;;;;;;;;;1200.00;1200.00;Топы;Мягкие без косточек;;0;0;0;0;0;;;1200.00;RUB
257;Топ T12 GREY;;;;;;;;;;;;;;/upload/iblock/856/856beeb690fc6cb5faee1f5eefc4ceec.jpg;;;;;;;;;1200.00;1200.00;Топы;Мягкие без косточек;;0;0;0;0;0;;;1200.00;RUB
258;Портупея Z1 BLACK;;;;;;;;;;;;;;/upload/iblock/2bd/2bd5eaa5e7c9d85c5a1fa5ceb6bfc8ba.jpg;;;;;;;;;1900.00;1900.00;Портупеи;Портупеи;;0;0;0;0;0;;;1900.00;RUB
259;Портупея Z2 BLACK;;;;;;;;;;;;;;/upload/iblock/8db/8db8da48b3602765ba71d32d2bff1301.jpg;;;;;;;;;1900.00;1900.00;Портупеи;Портупеи;;0;0;0;0;0;;;1900.00;RUB
260;Портупея Z4 BLACK;;;;;;;;;;;;;;/upload/iblock/957/957e845d9d9d6b2f43485c9da5ad1e09.jpg;;;;;;;;;1900.00;1900.00;Портупеи;Портупеи;;0;0;0;0;0;;;1900.00;RUB
260;Портупея Z4 BLACK;;;;;;;;;;;;;;/upload/iblock/94a/94a270bd6fa793234aab5d2eefde05c8.jpg;;;;;;;;;1900.00;1900.00;Портупеи;Портупеи;;0;0;0;0;0;;;1900.00;RUB
260;Портупея Z4 BLACK;;;;;;;;;;;;;;/upload/iblock/641/6419ab97949bb2d6e4495de663bc5727.jpg;;;;;;;;;1900.00;1900.00;Портупеи;Портупеи;;0;0;0;0;0;;;1900.00;RUB
260;Портупея Z4 BLACK;;;;;;;;;;;;;;/upload/iblock/38d/38d7da94f2cc57f6aa11aa945416d8a4.jpg;;;;;;;;;1900.00;1900.00;Портупеи;Портупеи;;0;0;0;0;0;;;1900.00;RUB
260;Портупея Z4 BLACK;;;;;;;;;;;;;;/upload/iblock/f3d/f3d128d0aeb638542452546fe23875e7.jpg;;;;;;;;;1900.00;1900.00;Портупеи;Портупеи;;0;0;0;0;0;;;1900.00;RUB
260;Портупея Z4 BLACK;;;;;;;;;;;;;;/upload/iblock/9f0/9f097cc535da44d670eda231bb14c616.jpg;;;;;;;;;1900.00;1900.00;Портупеи;Портупеи;;0;0;0;0;0;;;1900.00;RUB
260;Портупея Z4 BLACK;;;;;;;;;;;;;;/upload/iblock/512/5126a1728858f530e22f471c81435799.jpg;;;;;;;;;1900.00;1900.00;Портупеи;Портупеи;;0;0;0;0;0;;;1900.00;RUB
260;Портупея Z4 BLACK;;;;;;;;;;;;;;/upload/iblock/0aa/0aa8dcf3fefe26a47f89a429d97643af.jpg;;;;;;;;;1900.00;1900.00;Портупеи;Портупеи;;0;0;0;0;0;;;1900.00;RUB
261;Портупея Z5 BLACK;;;;;;;;;;;;;;/upload/iblock/17e/17e108ee4214371eaad855df0f558c87.jpg;;;;;;;;;1900.00;1900.00;Портупеи;Портупеи;;0;0;0;0;0;;;1900.00;RUB
262;Чокер Z20 WHITE;;;;;;;;;;;;;;/upload/iblock/8d1/8d195c4e435db135f914e30baa889e29.jpg;;;;;;;;;900.00;900.00;Портупеи;Портупеи;;0;0;0;0;0;;;900.00;RUB
263;Чокер Z20 BLACK;;;;;;;;;;;;;;/upload/iblock/6b5/6b593d1425c001b186f7d109cbec5659.jpg;;;;;;;;;900.00;900.00;Портупеи;Портупеи;;0;0;0;0;0;;;900.00;RUB
264;Чокер Z21 WHITE;;;;;;;;;;;;;;/upload/iblock/6f5/6f592715b163796d68a646e0b115b2e5.jpg;;;;;;;;;900.00;900.00;Портупеи;Портупеи;;0;0;0;0;0;;;900.00;RUB
265;Чокер Z21 BLACK;;;;;;;;;;;;;;/upload/iblock/285/2850561c151be91fa238cf3c8425f872.jpg;;;;;;;;;900.00;900.00;Портупеи;Портупеи;;0;0;0;0;0;;;900.00;RUB
266;Гартер Z25 BLACK;;;;;;;;;;;;;;/upload/iblock/853/8535dfe6482f3892deeeb8160b5e6cdf.jpg;;;;;;;;;1300.00;1300.00;Портупеи;Портупеи;;0;0;0;0;0;;;1300.00;RUB
267;Чулки H2 WHITE;;;;;;;;;;;;;;/upload/iblock/bb7/bb7db7b1476411924f11e37ff4d01a12.jpg;;;;;;;;;700.00;700.00;Аксессуары;Чулки;Чулки;0;0;0;0;0;;;700.00;RUB
268;Чулки H2 BLACK;;;;;;;;;;;;;;/upload/iblock/516/516671da3ae75a30cdfc8b0e1c424c12.jpg;;;;;;;;;700.00;700.00;Аксессуары;Чулки;Чулки;0;0;0;0;0;;;700.00;RUB
269;Чулки с поясом H3 LINE;;;;;;;;;;;;;;/upload/iblock/9ad/9ad81afb8f59faac93344057652330fd.jpg;;;;;;;;;500.00;500.00;Аксессуары;Чулки;Чулки;0;0;0;0;0;;;500.00;RUB
270;Пояс для чулок H4 BLACK;;;;;;;;;;;;;;/upload/iblock/00c/00c437562706a986e3c0f812985bc2a1.jpg;;;;;;;;;600.00;600.00;Аксессуары;Чулки;Пояса для чулок;0;0;0;0;0;;;600.00;RUB
271;Подвязка на ногу H11 BLACK;;;;;;;;;;;;;;/upload/iblock/6e2/6e232fd378efba65a628766ed86f5a84.jpg;;;;;;;;;500.00;500.00;Аксессуары;Чулки;;0;0;0;0;0;;;500.00;RUB
272;Трусики P1 BLACK;;;;;;;;;;;;;;/upload/iblock/e87/e878f29833737cde435e9ef6e83f2b17.jpg;;;;33;;;;;600.00;600.00;Аксессуары;Чулки;Трусики;0;0;0;0;0;;;600.00;RUB
273;Трусики P2 BLACK;;;;;;;;;;;;;;/upload/iblock/965/9653fe262968bf13c4a28aeeba04b564.jpg;;;;;;;;;600.00;600.00;Аксессуары;Чулки;Трусики;0;0;0;0;0;;;600.00;RUB
274;Трусики P3 WHITE;;;;;;;;;;;;;;/upload/iblock/e97/e97609112176fcc5dc37bd9b757a2b4a.jpg;;;;;;;;;600.00;600.00;Аксессуары;Чулки;Трусики;0;0;0;0;0;;;600.00;RUB
275;Трусики P4 BLACK;;;;;;;;;;;;;;/upload/iblock/442/44289f7d351db2616a51a0d8b229b1f8.jpg;;;;;;;;;600.00;600.00;Аксессуары;Чулки;Трусики;0;0;0;0;0;;;600.00;RUB
276;Трусики P5 BLACK;;;;;;;;;;;;;;/upload/iblock/4ba/4ba75d2db9ee06e74060be88babe13b9.jpg;;;;;;;;;600.00;600.00;Аксессуары;Чулки;Трусики;0;0;0;0;0;;;600.00;RUB
277;Трусики P6 VIOLET;;;;;;;;;;;;;;/upload/iblock/a97/a973e2bc44a87d0100b042a3f6d90ea0.jpg;;;;;;;;;500.00;500.00;Аксессуары;Чулки;Трусики;0;0;0;0;0;;;500.00;RUB
278;Трусики P7 BLACK;;;;;;;;;;;;;;/upload/iblock/3df/3df7c1337e3fd0a3f08e54b2b80c9837.jpg;;;;;;;;;600.00;600.00;Аксессуары;Чулки;Трусики;0;0;0;0;0;;;600.00;RUB
279;Ожерелье NK1;;;;;;;;;;;;;;/upload/iblock/083/083f306fc58430aac298cf4da9535e94.jpg;;;;;;;;;390.00;390.00;Аксессуары;Украшения;Ожерелья;0;0;0;0;0;;;390.00;RUB
